guidislink,href,id,link,links,media_thumbnail,published,published_parsed,summary,summary_detail,title,title_detail,scraping_date
False,,https://www.sciencedaily.com/releases/2019/03/190326160505.htm,https://www.sciencedaily.com/releases/2019/03/190326160505.htm,"[{'rel': 'alternate', 'type': 'text/html', 'href': 'https://www.sciencedaily.com/releases/2019/03/190326160505.htm'}]","[{'url': 'https://www.sciencedaily.com/images/2019/03/190326160505-large.jpg', 'height': '169', 'width': '300'}]","Tue, 26 Mar 2019 16:05:05 EDT","[2019, 3, 26, 20, 5, 5, 1, 85, 0]","NASA's new Transiting Exoplanet Survey Satellite (TESS) is designed to ferret out habitable exoplanets, but with hundreds of thousands of sunlike and smaller stars in its camera views, which of those stars could host planets like our own? A team of astronomers has identified the most promising targets for this search.","{'type': 'text/html', 'language': None, 'base': 'https://www.sciencedaily.com/rss/top/technology.xml', 'value': ""NASA's new Transiting Exoplanet Survey Satellite (TESS) is designed to ferret out habitable exoplanets, but with hundreds of thousands of sunlike and smaller stars in its camera views, which of those stars could host planets like our own? A team of astronomers has identified the most promising targets for this search.""}","In hunt for life, astronomers identify most promising stars","{'type': 'text/plain', 'language': None, 'base': 'https://www.sciencedaily.com/rss/top/technology.xml', 'value': 'In hunt for life, astronomers identify most promising stars'}",2019-03-27 15:47:31.400131
False,,https://www.sciencedaily.com/releases/2019/03/190325173305.htm,https://www.sciencedaily.com/releases/2019/03/190325173305.htm,"[{'rel': 'alternate', 'type': 'text/html', 'href': 'https://www.sciencedaily.com/releases/2019/03/190325173305.htm'}]","[{'url': 'https://www.sciencedaily.com/images/2019/03/190325173305-large.jpg', 'height': '225', 'width': '300'}]","Mon, 25 Mar 2019 17:33:05 EDT","[2019, 3, 25, 21, 33, 5, 0, 84, 0]","The shade of a single tree can provide welcome relief from the hot summer sun. But when that single tree is part of a small forest, it creates a profound cooling effect. Trees play a big role in keeping our towns and cities cool.","{'type': 'text/html', 'language': None, 'base': 'https://www.sciencedaily.com/rss/top/environment.xml', 'value': 'The shade of a single tree can provide welcome relief from the hot summer sun. But when that single tree is part of a small forest, it creates a profound cooling effect. Trees play a big role in keeping our towns and cities cool.'}",Trees are crucial to the future of our cities,"{'type': 'text/plain', 'language': None, 'base': 'https://www.sciencedaily.com/rss/top/environment.xml', 'value': 'Trees are crucial to the future of our cities'}",2019-03-27 15:47:31.400131
False,,https://www.sciencedaily.com/releases/2019/03/190325110315.htm,https://www.sciencedaily.com/releases/2019/03/190325110315.htm,"[{'rel': 'alternate', 'type': 'text/html', 'href': 'https://www.sciencedaily.com/releases/2019/03/190325110315.htm'}]","[{'url': 'https://www.sciencedaily.com/images/2019/03/190325110315-large.jpg', 'height': '200', 'width': '300'}]","Mon, 25 Mar 2019 11:03:15 EDT","[2019, 3, 25, 15, 3, 15, 0, 84, 0]","Researchers have created the first-ever nanocomposite biomaterial heart-valve developed to reduce or eliminate complications related to heart transplants. By using a newly developed technique, the researchers were able to build a more durable valve that enables the heart to adapt faster and more seamlessly.","{'type': 'text/html', 'language': None, 'base': 'https://www.sciencedaily.com/rss/top/technology.xml', 'value': 'Researchers have created the first-ever nanocomposite biomaterial heart-valve developed to reduce or eliminate complications related to heart transplants. By using a newly developed technique, the researchers were able to build a more durable valve that enables the heart to adapt faster and more seamlessly.'}",New heart valve aimed at high-risk patients,"{'type': 'text/plain', 'language': None, 'base': 'https://www.sciencedaily.com/rss/top/technology.xml', 'value': 'New heart valve aimed at high-risk patients'}",2019-03-27 15:47:31.400131
False,,https://www.sciencedaily.com/releases/2019/03/190326122147.htm,https://www.sciencedaily.com/releases/2019/03/190326122147.htm,"[{'rel': 'alternate', 'type': 'text/html', 'href': 'https://www.sciencedaily.com/releases/2019/03/190326122147.htm'}]","[{'url': 'https://www.sciencedaily.com/images/2019/03/190326122147-large.jpg', 'height': '205', 'width': '300'}]","Tue, 26 Mar 2019 12:21:47 EDT","[2019, 3, 26, 16, 21, 47, 1, 85, 0]","Many insect pollinator species are disappearing from areas of Great Britain, a new study has found. Research showed one third of wild pollinator species experienced declines in terms of areas in which they were found, while one tenth increased.","{'type': 'text/html', 'language': None, 'base': 'https://www.sciencedaily.com/rss/top/environment.xml', 'value': 'Many insect pollinator species are disappearing from areas of Great Britain, a new study has found. Research showed one third of wild pollinator species experienced declines in terms of areas in which they were found, while one tenth increased.'}",Widespread losses of pollinating insects in Britain,"{'type': 'text/plain', 'language': None, 'base': 'https://www.sciencedaily.com/rss/top/environment.xml', 'value': 'Widespread losses of pollinating insects in Britain'}",2019-03-27 15:47:31.400131
False,,https://www.sciencedaily.com/releases/2019/03/190327080712.htm,https://www.sciencedaily.com/releases/2019/03/190327080712.htm,"[{'rel': 'alternate', 'type': 'text/html', 'href': 'https://www.sciencedaily.com/releases/2019/03/190327080712.htm'}]","[{'url': 'https://www.sciencedaily.com/images/2019/03/190327080712-large.jpg', 'height': '232', 'width': '300'}]","Wed, 27 Mar 2019 08:07:12 EDT","[2019, 3, 27, 12, 7, 12, 2, 86, 0]","Research explores soil, fungi, phosphorus dynamics.","{'type': 'text/html', 'language': None, 'base': 'https://www.sciencedaily.com/rss/top/environment.xml', 'value': 'Research explores soil, fungi, phosphorus dynamics.'}",Are no-fun fungi keeping fertilizer from plants?,"{'type': 'text/plain', 'language': None, 'base': 'https://www.sciencedaily.com/rss/top/environment.xml', 'value': 'Are no-fun fungi keeping fertilizer from plants?'}",2019-03-27 15:47:31.400131
False,,https://www.sciencedaily.com/releases/2019/03/190326105530.htm,https://www.sciencedaily.com/releases/2019/03/190326105530.htm,"[{'rel': 'alternate', 'type': 'text/html', 'href': 'https://www.sciencedaily.com/releases/2019/03/190326105530.htm'}]","[{'url': 'https://www.sciencedaily.com/images/2019/03/190326105530-large.jpg', 'height': '200', 'width': '300'}]","Tue, 26 Mar 2019 10:55:30 EDT","[2019, 3, 26, 14, 55, 30, 1, 85, 0]","An enzyme-blocking molecule can extend the lifespan of Caenorhabditis elegans roundworms by as much as 45 percent, largely by modulating a cannabinoid biological pathway, according to a new study.","{'type': 'text/html', 'language': None, 'base': 'https://www.sciencedaily.com/rss/top/health.xml', 'value': 'An enzyme-blocking molecule can extend the lifespan of Caenorhabditis elegans roundworms by as much as 45 percent, largely by modulating a cannabinoid biological pathway, according to a new study.'}",Discovery of life-extension pathway in worms demonstrates new way to study aging,"{'type': 'text/plain', 'language': None, 'base': 'https://www.sciencedaily.com/rss/top/health.xml', 'value': 'Discovery of life-extension pathway in worms demonstrates new way to study aging'}",2019-03-27 15:47:31.400131
False,,https://www.sciencedaily.com/releases/2019/03/190325122008.htm,https://www.sciencedaily.com/releases/2019/03/190325122008.htm,"[{'rel': 'alternate', 'type': 'text/html', 'href': 'https://www.sciencedaily.com/releases/2019/03/190325122008.htm'}]","[{'url': 'https://www.sciencedaily.com/images/2019/03/190325122008-large.jpg', 'height': '187', 'width': '300'}]","Mon, 25 Mar 2019 12:20:08 EDT","[2019, 3, 25, 16, 20, 8, 0, 84, 0]","A new method allows the quantum state of atomic 'qubits'--the basic unit of information in quantum computers -- to be measured with twenty times less error than was previously possible, without losing any atoms.","{'type': 'text/html', 'language': None, 'base': 'https://www.sciencedaily.com/rss/top/technology.xml', 'value': ""A new method allows the quantum state of atomic 'qubits'--the basic unit of information in quantum computers -- to be measured with twenty times less error than was previously possible, without losing any atoms.""}",Extremely accurate measurements of atom states for quantum computing,"{'type': 'text/plain', 'language': None, 'base': 'https://www.sciencedaily.com/rss/top/technology.xml', 'value': 'Extremely accurate measurements of atom states for quantum computing'}",2019-03-27 15:47:31.400131
False,,https://www.sciencedaily.com/releases/2019/03/190327112605.htm,https://www.sciencedaily.com/releases/2019/03/190327112605.htm,"[{'rel': 'alternate', 'type': 'text/html', 'href': 'https://www.sciencedaily.com/releases/2019/03/190327112605.htm'}]","[{'url': 'https://www.sciencedaily.com/images/2019/03/190327112605-large.jpg', 'height': '256', 'width': '300'}]","Wed, 27 Mar 2019 11:26:05 EDT","[2019, 3, 27, 15, 26, 5, 2, 86, 0]","The potential for wearable electronics goes far beyond smart watches, but our current options for battery packs and circuit boards don't make for the most comfortable E-socks. One solution, being developed by scientists in China, is to simply print flexible fibers on to transitional textiles or clothes. For example, they printed patterns that can harvest and store electricity onto fabrics.","{'type': 'text/html', 'language': None, 'base': 'https://www.sciencedaily.com/rss/top/technology.xml', 'value': ""The potential for wearable electronics goes far beyond smart watches, but our current options for battery packs and circuit boards don't make for the most comfortable E-socks. One solution, being developed by scientists in China, is to simply print flexible fibers on to transitional textiles or clothes. For example, they printed patterns that can harvest and store electricity onto fabrics.""}",3D printer threads electronic fibers onto fabrics,"{'type': 'text/plain', 'language': None, 'base': 'https://www.sciencedaily.com/rss/top/technology.xml', 'value': '3D printer threads electronic fibers onto fabrics'}",2019-03-27 15:47:31.400131
False,,https://www.sciencedaily.com/releases/2019/03/190326105626.htm,https://www.sciencedaily.com/releases/2019/03/190326105626.htm,"[{'rel': 'alternate', 'type': 'text/html', 'href': 'https://www.sciencedaily.com/releases/2019/03/190326105626.htm'}]","[{'url': 'https://www.sciencedaily.com/images/2019/03/190326105626-large.jpg', 'height': '225', 'width': '300'}]","Tue, 26 Mar 2019 10:56:26 EDT","[2019, 3, 26, 14, 56, 26, 1, 85, 0]","A Costa Rican lizard species may have evolved scuba-diving qualities allowing it to stay underwater for 16 minutes, according to researchers.","{'type': 'text/html', 'language': None, 'base': 'https://www.sciencedaily.com/rss/top/environment.xml', 'value': 'A Costa Rican lizard species may have evolved scuba-diving qualities allowing it to stay underwater for 16 minutes, according to researchers.'}",'Scuba-diving' lizard can stay underwater for 16 minutes,"{'type': 'text/plain', 'language': None, 'base': 'https://www.sciencedaily.com/rss/top/environment.xml', 'value': ""'Scuba-diving' lizard can stay underwater for 16 minutes""}",2019-03-27 15:47:31.400131
False,,https://www.sciencedaily.com/releases/2019/03/190326132715.htm,https://www.sciencedaily.com/releases/2019/03/190326132715.htm,"[{'rel': 'alternate', 'type': 'text/html', 'href': 'https://www.sciencedaily.com/releases/2019/03/190326132715.htm'}]","[{'url': 'https://www.sciencedaily.com/images/2019/03/190326132715-large.jpg', 'height': '197', 'width': '300'}]","Tue, 26 Mar 2019 13:27:15 EDT","[2019, 3, 26, 17, 27, 15, 1, 85, 0]","Researchers have long thought that snail and clam shells found at Caribbean archaeological sites were evidence of 'starvation food' eaten in times when other resources were lacking. Now, a study suggests these shells may be evidence of children helping with the grocery shopping -- AD 400 style.","{'type': 'text/html', 'language': None, 'base': 'https://www.sciencedaily.com/rss/top/health.xml', 'value': ""Researchers have long thought that snail and clam shells found at Caribbean archaeological sites were evidence of 'starvation food' eaten in times when other resources were lacking. Now, a study suggests these shells may be evidence of children helping with the grocery shopping -- AD 400 style.""}",Ancient Caribbean children helped with grocery shopping in AD 400,"{'type': 'text/plain', 'language': None, 'base': 'https://www.sciencedaily.com/rss/top/health.xml', 'value': 'Ancient Caribbean children helped with grocery shopping in AD 400'}",2019-03-27 15:47:31.400131
False,,https://www.sciencedaily.com/releases/2019/03/190325110233.htm,https://www.sciencedaily.com/releases/2019/03/190325110233.htm,"[{'rel': 'alternate', 'type': 'text/html', 'href': 'https://www.sciencedaily.com/releases/2019/03/190325110233.htm'}]","[{'url': 'https://www.sciencedaily.com/images/2019/03/190325110233-large.jpg', 'height': '400', 'width': '300'}]","Mon, 25 Mar 2019 11:02:33 EDT","[2019, 3, 25, 15, 2, 33, 0, 84, 0]","Scientists have built artificial cells as models of primitive cells. The research team has constructed artificial cells using minimal components that are able to supply energy to drive gene expression inside a microcompartment, thus these artificial cells can produce energy that helps synthesize parts of the cells themselves. This work marks an important milestone in constructing artificial autotrophic cells, and may shed light on how primordial cells used sunlight as an energy source early in life's history.","{'type': 'text/html', 'language': None, 'base': 'https://www.sciencedaily.com/rss/top/technology.xml', 'value': ""Scientists have built artificial cells as models of primitive cells. The research team has constructed artificial cells using minimal components that are able to supply energy to drive gene expression inside a microcompartment, thus these artificial cells can produce energy that helps synthesize parts of the cells themselves. This work marks an important milestone in constructing artificial autotrophic cells, and may shed light on how primordial cells used sunlight as an energy source early in life's history.""}",Scientist constructs artificial photosynthetic cells,"{'type': 'text/plain', 'language': None, 'base': 'https://www.sciencedaily.com/rss/top/technology.xml', 'value': 'Scientist constructs artificial photosynthetic cells'}",2019-03-27 15:47:31.400131
False,,https://www.sciencedaily.com/releases/2019/03/190325151038.htm,https://www.sciencedaily.com/releases/2019/03/190325151038.htm,"[{'rel': 'alternate', 'type': 'text/html', 'href': 'https://www.sciencedaily.com/releases/2019/03/190325151038.htm'}]","[{'url': 'https://www.sciencedaily.com/images/2019/03/190325151038-large.jpg', 'height': '286', 'width': '300'}]","Mon, 25 Mar 2019 15:10:38 EDT","[2019, 3, 25, 19, 10, 38, 0, 84, 0]","Physicists have shown that shaking ultracold Bose-Einstein condensates can cause them to either divide into uniform segments or shatter into unpredictable splinters, depending on the frequency of the shaking.","{'type': 'text/html', 'language': None, 'base': 'https://www.sciencedaily.com/rss/top/technology.xml', 'value': 'Physicists have shown that shaking ultracold Bose-Einstein condensates can cause them to either divide into uniform segments or shatter into unpredictable splinters, depending on the frequency of the shaking.'}",Matter waves and quantum splinters,"{'type': 'text/plain', 'language': None, 'base': 'https://www.sciencedaily.com/rss/top/technology.xml', 'value': 'Matter waves and quantum splinters'}",2019-03-27 15:47:31.400131
False,,https://www.sciencedaily.com/releases/2019/03/190326112811.htm,https://www.sciencedaily.com/releases/2019/03/190326112811.htm,"[{'rel': 'alternate', 'type': 'text/html', 'href': 'https://www.sciencedaily.com/releases/2019/03/190326112811.htm'}]","[{'url': 'https://www.sciencedaily.com/images/2019/03/190326112811-large.jpg', 'height': '139', 'width': '300'}]","Tue, 26 Mar 2019 11:28:11 EDT","[2019, 3, 26, 15, 28, 11, 1, 85, 0]",New insight on how cells work together to control growth in the eyes of fish has been published today in eLife.,"{'type': 'text/html', 'language': None, 'base': 'https://www.sciencedaily.com/rss/top/environment.xml', 'value': 'New insight on how cells work together to control growth in the eyes of fish has been published today in eLife.'}",Scientists shine new light on how cells coordinate eye growth in fish,"{'type': 'text/plain', 'language': None, 'base': 'https://www.sciencedaily.com/rss/top/environment.xml', 'value': 'Scientists shine new light on how cells coordinate eye growth in fish'}",2019-03-27 15:47:31.400131
False,,https://www.sciencedaily.com/releases/2019/03/190325110243.htm,https://www.sciencedaily.com/releases/2019/03/190325110243.htm,"[{'rel': 'alternate', 'type': 'text/html', 'href': 'https://www.sciencedaily.com/releases/2019/03/190325110243.htm'}]","[{'url': 'https://www.sciencedaily.com/images/2019/03/190325110243-large.jpg', 'height': '200', 'width': '300'}]","Mon, 25 Mar 2019 11:02:43 EDT","[2019, 3, 25, 15, 2, 43, 0, 84, 0]","The Belle II detector got off to a successful start in Japan. Since March 25, 2019, the instrument has been measuring the first particle collisions, which are generated in the modernized SuperKEKB accelerator. The new duo produces more than 50 times the number of collisions compared to its predecessor. The huge increase in evaluable data means that there is not a greater chance of finding out why there is an imbalance between matter and anti-matter in the Universe.","{'type': 'text/html', 'language': None, 'base': 'https://www.sciencedaily.com/rss/top/technology.xml', 'value': 'The Belle II detector got off to a successful start in Japan. Since March 25, 2019, the instrument has been measuring the first particle collisions, which are generated in the modernized SuperKEKB accelerator. The new duo produces more than 50 times the number of collisions compared to its predecessor. The huge increase in evaluable data means that there is not a greater chance of finding out why there is an imbalance between matter and anti-matter in the Universe.'}",Searching for missing anti-matter: A successful start to measurements with Belle II,"{'type': 'text/plain', 'language': None, 'base': 'https://www.sciencedaily.com/rss/top/technology.xml', 'value': 'Searching for missing anti-matter: A successful start to measurements with Belle II'}",2019-03-27 15:47:31.400131
False,,https://www.sciencedaily.com/releases/2019/03/190326105730.htm,https://www.sciencedaily.com/releases/2019/03/190326105730.htm,"[{'rel': 'alternate', 'type': 'text/html', 'href': 'https://www.sciencedaily.com/releases/2019/03/190326105730.htm'}]","[{'url': 'https://www.sciencedaily.com/images/2019/03/190326105730-large.jpg', 'height': '388', 'width': '300'}]","Tue, 26 Mar 2019 10:57:30 EDT","[2019, 3, 26, 14, 57, 30, 1, 85, 0]","Since the historic finding of gravitational waves from two black holes colliding over a billion light years away was made in 2015, physicists are advancing knowledge about the limits on the precision of the measurements that will help improve the next generation of tools and technology used by gravitational wave scientists. Physicists have now measured quantum ''back action'' in the audio band at room temperature.","{'type': 'text/html', 'language': None, 'base': 'https://www.sciencedaily.com/rss/top/technology.xml', 'value': ""Since the historic finding of gravitational waves from two black holes colliding over a billion light years away was made in 2015, physicists are advancing knowledge about the limits on the precision of the measurements that will help improve the next generation of tools and technology used by gravitational wave scientists. Physicists have now measured quantum ''back action'' in the audio band at room temperature.""}",Listening to the quantum vacuum,"{'type': 'text/plain', 'language': None, 'base': 'https://www.sciencedaily.com/rss/top/technology.xml', 'value': 'Listening to the quantum vacuum'}",2019-03-27 15:47:31.400131
False,,https://www.sciencedaily.com/releases/2019/03/190326105705.htm,https://www.sciencedaily.com/releases/2019/03/190326105705.htm,"[{'rel': 'alternate', 'type': 'text/html', 'href': 'https://www.sciencedaily.com/releases/2019/03/190326105705.htm'}]","[{'url': 'https://www.sciencedaily.com/images/2019/03/190326105705-large.jpg', 'height': '200', 'width': '300'}]","Tue, 26 Mar 2019 10:57:05 EDT","[2019, 3, 26, 14, 57, 5, 1, 85, 0]","Researchers report on a technique for administering contraceptive hormones through special backings on jewelry such as earrings, wristwatches, rings or necklaces. The contraceptive hormones are contained in patches applied to portions of the jewelry in contact with the skin, allowing the drugs to be absorbed into the body.","{'type': 'text/html', 'language': None, 'base': 'https://www.sciencedaily.com/rss/top/health.xml', 'value': 'Researchers report on a technique for administering contraceptive hormones through special backings on jewelry such as earrings, wristwatches, rings or necklaces. The contraceptive hormones are contained in patches applied to portions of the jewelry in contact with the skin, allowing the drugs to be absorbed into the body.'}",Contraceptive jewelry could offer a new family planning approach,"{'type': 'text/plain', 'language': None, 'base': 'https://www.sciencedaily.com/rss/top/health.xml', 'value': 'Contraceptive jewelry could offer a new family planning approach'}",2019-03-27 15:47:31.400131
False,,https://www.sciencedaily.com/releases/2019/03/190325130441.htm,https://www.sciencedaily.com/releases/2019/03/190325130441.htm,"[{'rel': 'alternate', 'type': 'text/html', 'href': 'https://www.sciencedaily.com/releases/2019/03/190325130441.htm'}]","[{'url': 'https://www.sciencedaily.com/images/2019/03/190325130441-large.jpg', 'height': '200', 'width': '300'}]","Mon, 25 Mar 2019 13:04:41 EDT","[2019, 3, 25, 17, 4, 41, 0, 84, 0]","Scientists have discovered that 558 million-year-old Dickinsonia fossils do not reveal all of the features of the earliest known animals, which potentially had mouths and guts.","{'type': 'text/html', 'language': None, 'base': 'https://www.sciencedaily.com/rss/top/environment.xml', 'value': 'Scientists have discovered that 558 million-year-old Dickinsonia fossils do not reveal all of the features of the earliest known animals, which potentially had mouths and guts.'}",Mystery shrouding oldest animal fossils solved,"{'type': 'text/plain', 'language': None, 'base': 'https://www.sciencedaily.com/rss/top/environment.xml', 'value': 'Mystery shrouding oldest animal fossils solved'}",2019-03-27 15:47:31.400131
False,,https://www.sciencedaily.com/releases/2019/03/190325184115.htm,https://www.sciencedaily.com/releases/2019/03/190325184115.htm,"[{'rel': 'alternate', 'type': 'text/html', 'href': 'https://www.sciencedaily.com/releases/2019/03/190325184115.htm'}]","[{'url': 'https://www.sciencedaily.com/images/2019/03/190325184115-large.jpg', 'height': '200', 'width': '300'}]","Mon, 25 Mar 2019 18:41:15 EDT","[2019, 3, 25, 22, 41, 15, 0, 84, 0]","Working two or more night shifts in a week may increase a pregnant woman's risk of miscarriage the following week by around a third, shows a prospective study.","{'type': 'text/html', 'language': None, 'base': 'https://www.sciencedaily.com/rss/top/health.xml', 'value': ""Working two or more night shifts in a week may increase a pregnant woman's risk of miscarriage the following week by around a third, shows a prospective study.""}",Pregnant women who work nights may have a greater risk of miscarriage,"{'type': 'text/plain', 'language': None, 'base': 'https://www.sciencedaily.com/rss/top/health.xml', 'value': 'Pregnant women who work nights may have a greater risk of miscarriage'}",2019-03-27 15:47:31.400131
False,,https://www.sciencedaily.com/releases/2019/03/190326160517.htm,https://www.sciencedaily.com/releases/2019/03/190326160517.htm,"[{'rel': 'alternate', 'type': 'text/html', 'href': 'https://www.sciencedaily.com/releases/2019/03/190326160517.htm'}]","[{'url': 'https://www.sciencedaily.com/images/2019/03/190326160517-large.jpg', 'height': '400', 'width': '300'}]","Tue, 26 Mar 2019 16:05:17 EDT","[2019, 3, 26, 20, 5, 17, 1, 85, 0]","Tracking animals using DNA signatures are ideally suited to answer the pressing questions required to conserve the world's wildlife, providing benefits over invasive methods such as ear tags and collars, according to a new study.","{'type': 'text/html', 'language': None, 'base': 'https://www.sciencedaily.com/rss/top/environment.xml', 'value': ""Tracking animals using DNA signatures are ideally suited to answer the pressing questions required to conserve the world's wildlife, providing benefits over invasive methods such as ear tags and collars, according to a new study.""}",Genetic tagging may help conserve the world's wildlife,"{'type': 'text/plain', 'language': None, 'base': 'https://www.sciencedaily.com/rss/top/environment.xml', 'value': ""Genetic tagging may help conserve the world's wildlife""}",2019-03-27 15:47:31.400131
False,,https://www.sciencedaily.com/releases/2019/03/190325164228.htm,https://www.sciencedaily.com/releases/2019/03/190325164228.htm,"[{'rel': 'alternate', 'type': 'text/html', 'href': 'https://www.sciencedaily.com/releases/2019/03/190325164228.htm'}]","[{'url': 'https://www.sciencedaily.com/images/2019/03/190325164228-large.jpg', 'height': '273', 'width': '300'}]","Mon, 25 Mar 2019 16:42:28 EDT","[2019, 3, 25, 20, 42, 28, 0, 84, 0]","Imagine that you live in the rainforests of Southeast Asia, you're a pint-sized primate with enormous eyes and you look a little like Gizmo from the movie, 'Gremlins.' You're a tarsier -- a nocturnal animal whose giant eyes provide you with exceptional visual sensitivity, enabling a predatory advantage. A new virtual reality (VR) software, Tarsier Goggles, simulates a tarsier's vision and illustrates the adaptive advantage of this animal's oversized eyes.","{'type': 'text/html', 'language': None, 'base': 'https://www.sciencedaily.com/rss/top/technology.xml', 'value': ""Imagine that you live in the rainforests of Southeast Asia, you're a pint-sized primate with enormous eyes and you look a little like Gizmo from the movie, 'Gremlins.' You're a tarsier -- a nocturnal animal whose giant eyes provide you with exceptional visual sensitivity, enabling a predatory advantage. A new virtual reality (VR) software, Tarsier Goggles, simulates a tarsier's vision and illustrates the adaptive advantage of this animal's oversized eyes.""}",New virtual reality tool allows you to see the world through the eyes of a tiny primate,"{'type': 'text/plain', 'language': None, 'base': 'https://www.sciencedaily.com/rss/top/technology.xml', 'value': 'New virtual reality tool allows you to see the world through the eyes of a tiny primate'}",2019-03-27 15:47:31.400131
False,,https://www.sciencedaily.com/releases/2019/03/190327123843.htm,https://www.sciencedaily.com/releases/2019/03/190327123843.htm,"[{'rel': 'alternate', 'type': 'text/html', 'href': 'https://www.sciencedaily.com/releases/2019/03/190327123843.htm'}]","[{'url': 'https://www.sciencedaily.com/images/2019/03/190327123843-large.jpg', 'height': '225', 'width': '300'}]","Wed, 27 Mar 2019 12:38:43 EDT","[2019, 3, 27, 16, 38, 43, 2, 86, 0]","Cows always lie on their chests so that their digestion is not impaired. Rodents sometimes rest sitting down, while kangaroos sometimes lie on their backs. The larger the animal, the less often it lies down, and when it does, it is more likely to lie on its side - but there are exceptions.","{'type': 'text/html', 'language': None, 'base': 'https://www.sciencedaily.com/rss/top/environment.xml', 'value': 'Cows always lie on their chests so that their digestion is not impaired. Rodents sometimes rest sitting down, while kangaroos sometimes lie on their backs. The larger the animal, the less often it lies down, and when it does, it is more likely to lie on its side - but there are exceptions.'}","Lying, sitting or standing: Resting postures determined by animals' size","{'type': 'text/plain', 'language': None, 'base': 'https://www.sciencedaily.com/rss/top/environment.xml', 'value': ""Lying, sitting or standing: Resting postures determined by animals' size""}",2019-03-27 15:47:31.400131
False,,https://www.sciencedaily.com/releases/2019/03/190327112637.htm,https://www.sciencedaily.com/releases/2019/03/190327112637.htm,"[{'rel': 'alternate', 'type': 'text/html', 'href': 'https://www.sciencedaily.com/releases/2019/03/190327112637.htm'}]","[{'url': 'https://www.sciencedaily.com/images/2019/03/190327112637-large.jpg', 'height': '225', 'width': '300'}]","Wed, 27 Mar 2019 11:26:37 EDT","[2019, 3, 27, 15, 26, 37, 2, 86, 0]","In toothpaste, Teflon, LEDs and medications, it shows its sunny side - but elemental fluorine is extremely aggressive and highly toxic. Attempts to determine the crystal structure of solid fluorine using X-rays ended with explosions 50 years ago.","{'type': 'text/html', 'language': None, 'base': 'https://www.sciencedaily.com/rss/top/technology.xml', 'value': 'In toothpaste, Teflon, LEDs and medications, it shows its sunny side - but elemental fluorine is extremely aggressive and highly toxic. Attempts to determine the crystal structure of solid fluorine using X-rays ended with explosions 50 years ago.'}","Fluorine: Toxic and aggressive, but widely used","{'type': 'text/plain', 'language': None, 'base': 'https://www.sciencedaily.com/rss/top/technology.xml', 'value': 'Fluorine: Toxic and aggressive, but widely used'}",2019-03-27 15:47:31.400131
False,,https://www.sciencedaily.com/releases/2019/03/190326081337.htm,https://www.sciencedaily.com/releases/2019/03/190326081337.htm,"[{'rel': 'alternate', 'type': 'text/html', 'href': 'https://www.sciencedaily.com/releases/2019/03/190326081337.htm'}]","[{'url': 'https://www.sciencedaily.com/images/2019/03/190326081337-large.jpg', 'height': '188', 'width': '300'}]","Tue, 26 Mar 2019 08:13:37 EDT","[2019, 3, 26, 12, 13, 37, 1, 85, 0]","Researchers analyzed how people who feed birds notice and respond to natural events at their feeders by collaborating with Project FeederWatch, a program that engages more than 25,000 people to observe and collect data on their backyard birds.","{'type': 'text/html', 'language': None, 'base': 'https://www.sciencedaily.com/rss/top/environment.xml', 'value': 'Researchers analyzed how people who feed birds notice and respond to natural events at their feeders by collaborating with Project FeederWatch, a program that engages more than 25,000 people to observe and collect data on their backyard birds.'}",People who feed birds impact conservation,"{'type': 'text/plain', 'language': None, 'base': 'https://www.sciencedaily.com/rss/top/environment.xml', 'value': 'People who feed birds impact conservation'}",2019-03-27 15:47:31.400131
False,,https://www.sciencedaily.com/releases/2019/03/190325151024.htm,https://www.sciencedaily.com/releases/2019/03/190325151024.htm,"[{'rel': 'alternate', 'type': 'text/html', 'href': 'https://www.sciencedaily.com/releases/2019/03/190325151024.htm'}]","[{'url': 'https://www.sciencedaily.com/images/2019/03/190325151024-large.jpg', 'height': '295', 'width': '300'}]","Mon, 25 Mar 2019 15:10:24 EDT","[2019, 3, 25, 19, 10, 24, 0, 84, 0]","Evolutionary biologists who study the social lives and behavior of colony spiders -- some of which are docile, others aggressive -- have found that the success of their cooperative societies depend on their neighbors.","{'type': 'text/html', 'language': None, 'base': 'https://www.sciencedaily.com/rss/top/environment.xml', 'value': 'Evolutionary biologists who study the social lives and behavior of colony spiders -- some of which are docile, others aggressive -- have found that the success of their cooperative societies depend on their neighbors.'}",The most aggressive spider societies are not always the ones that flourish,"{'type': 'text/plain', 'language': None, 'base': 'https://www.sciencedaily.com/rss/top/environment.xml', 'value': 'The most aggressive spider societies are not always the ones that flourish'}",2019-03-27 15:47:31.400131
False,,https://www.sciencedaily.com/releases/2019/03/190326160525.htm,https://www.sciencedaily.com/releases/2019/03/190326160525.htm,"[{'rel': 'alternate', 'type': 'text/html', 'href': 'https://www.sciencedaily.com/releases/2019/03/190326160525.htm'}]","[{'url': 'https://www.sciencedaily.com/images/2019/03/190326160525-large.jpg', 'height': '208', 'width': '300'}]","Tue, 26 Mar 2019 16:05:25 EDT","[2019, 3, 26, 20, 5, 25, 1, 85, 0]","A new technique to spin starch fibers using Lego pieces could have future applications for lab-grown 'clean' meat, according to a team of food scientists.","{'type': 'text/html', 'language': None, 'base': 'https://www.sciencedaily.com/rss/top/technology.xml', 'value': ""A new technique to spin starch fibers using Lego pieces could have future applications for lab-grown 'clean' meat, according to a team of food scientists.""}",Building starch backbones for lab-grown meat using Lego pieces,"{'type': 'text/plain', 'language': None, 'base': 'https://www.sciencedaily.com/rss/top/technology.xml', 'value': 'Building starch backbones for lab-grown meat using Lego pieces'}",2019-03-27 15:47:31.400131
False,,https://www.sciencedaily.com/releases/2019/03/190325101413.htm,https://www.sciencedaily.com/releases/2019/03/190325101413.htm,"[{'rel': 'alternate', 'type': 'text/html', 'href': 'https://www.sciencedaily.com/releases/2019/03/190325101413.htm'}]","[{'url': 'https://www.sciencedaily.com/images/2019/03/190325101413-large.jpg', 'height': '193', 'width': '300'}]","Mon, 25 Mar 2019 10:14:13 EDT","[2019, 3, 25, 14, 14, 13, 0, 84, 0]","A sophisticated new analysis too incorporating advanced mathematical strategies could help revolutionize the way researchers investigate the spread and distribution of dangerous, fast-evolving disease vectors.","{'type': 'text/html', 'language': None, 'base': 'https://www.sciencedaily.com/rss/top/technology.xml', 'value': 'A sophisticated new analysis too incorporating advanced mathematical strategies could help revolutionize the way researchers investigate the spread and distribution of dangerous, fast-evolving disease vectors.'}",New computational tool could change how we study pathogens,"{'type': 'text/plain', 'language': None, 'base': 'https://www.sciencedaily.com/rss/top/technology.xml', 'value': 'New computational tool could change how we study pathogens'}",2019-03-27 15:47:31.400131
False,,https://www.sciencedaily.com/releases/2019/03/190325130522.htm,https://www.sciencedaily.com/releases/2019/03/190325130522.htm,"[{'rel': 'alternate', 'type': 'text/html', 'href': 'https://www.sciencedaily.com/releases/2019/03/190325130522.htm'}]","[{'url': 'https://www.sciencedaily.com/images/2019/03/190325130522-large.jpg', 'height': '208', 'width': '300'}]","Mon, 25 Mar 2019 13:05:22 EDT","[2019, 3, 25, 17, 5, 22, 0, 84, 0]",Ions move faster than atoms in the gas streams of a solar prominence. Scientists have now observed this.,"{'type': 'text/html', 'language': None, 'base': 'https://www.sciencedaily.com/rss/top/technology.xml', 'value': 'Ions move faster than atoms in the gas streams of a solar prominence. Scientists have now observed this.'}",Race at the edge of the Sun: Ions are faster than atoms,"{'type': 'text/plain', 'language': None, 'base': 'https://www.sciencedaily.com/rss/top/technology.xml', 'value': 'Race at the edge of the Sun: Ions are faster than atoms'}",2019-03-27 15:47:31.400131
False,,https://www.sciencedaily.com/releases/2019/03/190326122145.htm,https://www.sciencedaily.com/releases/2019/03/190326122145.htm,"[{'rel': 'alternate', 'type': 'text/html', 'href': 'https://www.sciencedaily.com/releases/2019/03/190326122145.htm'}]","[{'url': 'https://www.sciencedaily.com/images/2019/03/190326122145-large.jpg', 'height': '199', 'width': '300'}]","Tue, 26 Mar 2019 12:21:45 EDT","[2019, 3, 26, 16, 21, 45, 1, 85, 0]",New work repurposing one of the oldest known reagents for amyloid looks to help provide a clearer picture of how fibrils come together.,"{'type': 'text/html', 'language': None, 'base': 'https://www.sciencedaily.com/rss/top/health.xml', 'value': 'New work repurposing one of the oldest known reagents for amyloid looks to help provide a clearer picture of how fibrils come together.'}",Technique uses well-known dye to watch amyloid plaques in the brain,"{'type': 'text/plain', 'language': None, 'base': 'https://www.sciencedaily.com/rss/top/health.xml', 'value': 'Technique uses well-known dye to watch amyloid plaques in the brain'}",2019-03-27 15:47:31.400131
False,,https://www.sciencedaily.com/releases/2019/03/190325151014.htm,https://www.sciencedaily.com/releases/2019/03/190325151014.htm,"[{'rel': 'alternate', 'type': 'text/html', 'href': 'https://www.sciencedaily.com/releases/2019/03/190325151014.htm'}]","[{'url': 'https://www.sciencedaily.com/images/2019/03/190325151014-large.jpg', 'height': '200', 'width': '300'}]","Mon, 25 Mar 2019 15:10:14 EDT","[2019, 3, 25, 19, 10, 14, 0, 84, 0]",Relationships between tree diversity and pest diversity follow a hump-shaped curve. That's the finding of a national study of US forests that compared two county-level data sets.,"{'type': 'text/html', 'language': None, 'base': 'https://www.sciencedaily.com/rss/top/environment.xml', 'value': ""Relationships between tree diversity and pest diversity follow a hump-shaped curve. That's the finding of a national study of US forests that compared two county-level data sets.""}",How tree diversity regulates invading forest pests,"{'type': 'text/plain', 'language': None, 'base': 'https://www.sciencedaily.com/rss/top/environment.xml', 'value': 'How tree diversity regulates invading forest pests'}",2019-03-27 15:47:31.400131
False,,https://www.sciencedaily.com/releases/2019/03/190327112710.htm,https://www.sciencedaily.com/releases/2019/03/190327112710.htm,"[{'rel': 'alternate', 'type': 'text/html', 'href': 'https://www.sciencedaily.com/releases/2019/03/190327112710.htm'}]","[{'url': 'https://www.sciencedaily.com/images/2019/03/190327112710-large.jpg', 'height': '200', 'width': '300'}]","Wed, 27 Mar 2019 11:27:10 EDT","[2019, 3, 27, 15, 27, 10, 2, 86, 0]","A synaesthesia-like effect in which people 'hear' silent flashes or movement, such as in popular 'noisy GIFs' and memes, could be due to a reduction of inhibition of signals that travel between visual and auditory areas of the brain, according to a new study. It was also found that musicians taking part in the study were significantly more likely to report experiencing visual ear than non-musician participants.","{'type': 'text/html', 'language': None, 'base': 'https://www.sciencedaily.com/rss/top/health.xml', 'value': ""A synaesthesia-like effect in which people 'hear' silent flashes or movement, such as in popular 'noisy GIFs' and memes, could be due to a reduction of inhibition of signals that travel between visual and auditory areas of the brain, according to a new study. It was also found that musicians taking part in the study were significantly more likely to report experiencing visual ear than non-musician participants.""}","People 'hear' flashes due to disinhibited flow of signals around the brain, suggests study","{'type': 'text/plain', 'language': None, 'base': 'https://www.sciencedaily.com/rss/top/health.xml', 'value': ""People 'hear' flashes due to disinhibited flow of signals around the brain, suggests study""}",2019-03-27 15:47:31.400131
False,,https://www.sciencedaily.com/releases/2019/03/190318113814.htm,https://www.sciencedaily.com/releases/2019/03/190318113814.htm,"[{'rel': 'alternate', 'type': 'text/html', 'href': 'https://www.sciencedaily.com/releases/2019/03/190318113814.htm'}]","[{'url': 'https://www.sciencedaily.com/images/2019/03/190318113814-large.jpg', 'height': '177', 'width': '300'}]","Mon, 18 Mar 2019 11:38:14 EDT","[2019, 3, 18, 15, 38, 14, 0, 77, 0]","As states around the country move to stiffen punishments for animal cruelty, researchers have found a correlation between the types of animal abuse committed and the perpetrator's relationship to an animal and its owner.","{'type': 'text/html', 'language': None, 'base': 'https://www.sciencedaily.com/rss/top/society.xml', 'value': ""As states around the country move to stiffen punishments for animal cruelty, researchers have found a correlation between the types of animal abuse committed and the perpetrator's relationship to an animal and its owner.""}",Who should Fido fear? Depends on relationship,"{'type': 'text/plain', 'language': None, 'base': 'https://www.sciencedaily.com/rss/top/society.xml', 'value': 'Who should Fido fear? Depends on relationship'}",2019-03-27 15:47:31.400131
False,,https://www.sciencedaily.com/releases/2019/03/190326160527.htm,https://www.sciencedaily.com/releases/2019/03/190326160527.htm,"[{'rel': 'alternate', 'type': 'text/html', 'href': 'https://www.sciencedaily.com/releases/2019/03/190326160527.htm'}]","[{'url': 'https://www.sciencedaily.com/images/2019/03/190326160527-large.jpg', 'height': '200', 'width': '300'}]","Tue, 26 Mar 2019 16:05:27 EDT","[2019, 3, 26, 20, 5, 27, 1, 85, 0]","New research could provide a major boost to the state's growing $1.6 billion walnut industry by making it easier to breed walnut trees better equipped to combat the soil-borne pathogens that now plague many of California's 4,800 growers.","{'type': 'text/html', 'language': None, 'base': 'https://www.sciencedaily.com/rss/top/environment.xml', 'value': ""New research could provide a major boost to the state's growing $1.6 billion walnut industry by making it easier to breed walnut trees better equipped to combat the soil-borne pathogens that now plague many of California's 4,800 growers.""}",Deciphering the walnut genome,"{'type': 'text/plain', 'language': None, 'base': 'https://www.sciencedaily.com/rss/top/environment.xml', 'value': 'Deciphering the walnut genome'}",2019-03-27 15:47:31.400131
False,,https://www.sciencedaily.com/releases/2019/03/190327112705.htm,https://www.sciencedaily.com/releases/2019/03/190327112705.htm,"[{'rel': 'alternate', 'type': 'text/html', 'href': 'https://www.sciencedaily.com/releases/2019/03/190327112705.htm'}]","[{'url': 'https://www.sciencedaily.com/images/2019/03/190327112705-large.jpg', 'height': '209', 'width': '300'}]","Wed, 27 Mar 2019 11:27:05 EDT","[2019, 3, 27, 15, 27, 5, 2, 86, 0]","We all have a remedy -- a glass of wine or a piece of chocolate -- for lifting our spirits when we're in a bad mood. Rather than focusing on ways to make ourselves feel better, a team of researchers suggests wishing others well.","{'type': 'text/html', 'language': None, 'base': 'https://www.sciencedaily.com/rss/top/health.xml', 'value': ""We all have a remedy -- a glass of wine or a piece of chocolate -- for lifting our spirits when we're in a bad mood. Rather than focusing on ways to make ourselves feel better, a team of researchers suggests wishing others well.""}",A simple strategy to improve your mood in 12 minutes,"{'type': 'text/plain', 'language': None, 'base': 'https://www.sciencedaily.com/rss/top/health.xml', 'value': 'A simple strategy to improve your mood in 12 minutes'}",2019-03-27 15:47:31.400131
False,,https://www.sciencedaily.com/releases/2019/03/190326202219.htm,https://www.sciencedaily.com/releases/2019/03/190326202219.htm,"[{'rel': 'alternate', 'type': 'text/html', 'href': 'https://www.sciencedaily.com/releases/2019/03/190326202219.htm'}]","[{'url': 'https://www.sciencedaily.com/images/2019/03/190326202219-large.jpg', 'height': '207', 'width': '300'}]","Tue, 26 Mar 2019 20:22:19 EDT","[2019, 3, 27, 0, 22, 19, 2, 86, 0]","A team of biologists and physicists, led by the University of Bristol, have uncovered new insights into how antlions - one of the fiercest and most terrifying predators in the insect kingdom - build their deadly pit traps.","{'type': 'text/html', 'language': None, 'base': 'https://www.sciencedaily.com/rss/top/environment.xml', 'value': 'A team of biologists and physicists, led by the University of Bristol, have uncovered new insights into how antlions - one of the fiercest and most terrifying predators in the insect kingdom - build their deadly pit traps.'}",'Nightmarish' antlions' spiral digging techniques create effective and deadly traps,"{'type': 'text/plain', 'language': None, 'base': 'https://www.sciencedaily.com/rss/top/environment.xml', 'value': ""'Nightmarish' antlions' spiral digging techniques create effective and deadly traps""}",2019-03-27 15:47:31.400131
False,,https://www.sciencedaily.com/releases/2019/03/190327080721.htm,https://www.sciencedaily.com/releases/2019/03/190327080721.htm,"[{'rel': 'alternate', 'type': 'text/html', 'href': 'https://www.sciencedaily.com/releases/2019/03/190327080721.htm'}]","[{'url': 'https://www.sciencedaily.com/images/2019/03/190327080721-large.jpg', 'height': '188', 'width': '300'}]","Wed, 27 Mar 2019 08:07:21 EDT","[2019, 3, 27, 12, 7, 21, 2, 86, 0]",The GRAVITY instrument on ESO's Very Large Telescope Interferometer (VLTI) has made the first direct observation of an exoplanet using optical interferometry. This method revealed a complex exoplanetary atmosphere with clouds of iron and silicates swirling in a planet-wide storm. The technique presents unique possibilities for characterizing many of the exoplanets known today.,"{'type': 'text/html', 'language': None, 'base': 'https://www.sciencedaily.com/rss/top/technology.xml', 'value': ""The GRAVITY instrument on ESO's Very Large Telescope Interferometer (VLTI) has made the first direct observation of an exoplanet using optical interferometry. This method revealed a complex exoplanetary atmosphere with clouds of iron and silicates swirling in a planet-wide storm. The technique presents unique possibilities for characterizing many of the exoplanets known today.""}",GRAVITY instrument breaks new ground in exoplanet imaging,"{'type': 'text/plain', 'language': None, 'base': 'https://www.sciencedaily.com/rss/top/technology.xml', 'value': 'GRAVITY instrument breaks new ground in exoplanet imaging'}",2019-03-27 15:47:31.400131
False,,https://www.sciencedaily.com/releases/2019/03/190325130524.htm,https://www.sciencedaily.com/releases/2019/03/190325130524.htm,"[{'rel': 'alternate', 'type': 'text/html', 'href': 'https://www.sciencedaily.com/releases/2019/03/190325130524.htm'}]","[{'url': 'https://www.sciencedaily.com/images/2019/03/190325130524-large.jpg', 'height': '220', 'width': '300'}]","Mon, 25 Mar 2019 13:05:24 EDT","[2019, 3, 25, 17, 5, 24, 0, 84, 0]","Although we're still a long way from commercial airplanes powered by a combination of fossil fuel and batteries, a recent feasibility study explored fuel/battery configurations and the energy lifecycle to learn the trade-offs needed to yield the greatest reductions in carbon dioxide emissions.","{'type': 'text/html', 'language': None, 'base': 'https://www.sciencedaily.com/rss/top/technology.xml', 'value': ""Although we're still a long way from commercial airplanes powered by a combination of fossil fuel and batteries, a recent feasibility study explored fuel/battery configurations and the energy lifecycle to learn the trade-offs needed to yield the greatest reductions in carbon dioxide emissions.""}","Commercial hybrid-electric aircraft, reduced carbon emissions","{'type': 'text/plain', 'language': None, 'base': 'https://www.sciencedaily.com/rss/top/technology.xml', 'value': 'Commercial hybrid-electric aircraft, reduced carbon emissions'}",2019-03-27 15:47:31.400131
False,,https://www.sciencedaily.com/releases/2019/03/190326105604.htm,https://www.sciencedaily.com/releases/2019/03/190326105604.htm,"[{'rel': 'alternate', 'type': 'text/html', 'href': 'https://www.sciencedaily.com/releases/2019/03/190326105604.htm'}]","[{'url': 'https://www.sciencedaily.com/images/2019/03/190326105604-large.jpg', 'height': '199', 'width': '300'}]","Tue, 26 Mar 2019 10:56:04 EDT","[2019, 3, 26, 14, 56, 4, 1, 85, 0]",Musical training produces lasting improvements to a cognitive mechanism that helps individuals be more attentive and less likely to be distracted by irrelevant stimuli while performing demanding tasks.,"{'type': 'text/html', 'language': None, 'base': 'https://www.sciencedaily.com/rss/top/health.xml', 'value': 'Musical training produces lasting improvements to a cognitive mechanism that helps individuals be more attentive and less likely to be distracted by irrelevant stimuli while performing demanding tasks.'}",Trained musicians perform better -- at paying attention,"{'type': 'text/plain', 'language': None, 'base': 'https://www.sciencedaily.com/rss/top/health.xml', 'value': 'Trained musicians perform better -- at paying attention'}",2019-03-27 15:47:31.400131
False,,https://www.sciencedaily.com/releases/2019/03/190327142021.htm,https://www.sciencedaily.com/releases/2019/03/190327142021.htm,"[{'rel': 'alternate', 'type': 'text/html', 'href': 'https://www.sciencedaily.com/releases/2019/03/190327142021.htm'}]","[{'url': 'https://www.sciencedaily.com/images/2019/03/190327142021-large.jpg', 'height': '199', 'width': '300'}]","Wed, 27 Mar 2019 14:20:21 EDT","[2019, 3, 27, 18, 20, 21, 2, 86, 0]","Pass the potato chips, please! New research discovers neural circuits that regulate craving and satiation for salty tastes.","{'type': 'text/html', 'language': None, 'base': 'https://www.sciencedaily.com/rss/top/health.xml', 'value': 'Pass the potato chips, please! New research discovers neural circuits that regulate craving and satiation for salty tastes.'}",The salt-craving neurons,"{'type': 'text/plain', 'language': None, 'base': 'https://www.sciencedaily.com/rss/top/health.xml', 'value': 'The salt-craving neurons'}",2019-03-27 15:47:31.400131
False,,https://www.sciencedaily.com/releases/2019/03/190326160457.htm,https://www.sciencedaily.com/releases/2019/03/190326160457.htm,"[{'rel': 'alternate', 'type': 'text/html', 'href': 'https://www.sciencedaily.com/releases/2019/03/190326160457.htm'}]","[{'url': 'https://www.sciencedaily.com/images/2019/03/190326160457-large.jpg', 'height': '199', 'width': '300'}]","Tue, 26 Mar 2019 16:04:57 EDT","[2019, 3, 26, 20, 4, 57, 1, 85, 0]","Researchers investigate the importance of marginal spikes, the 'teeth' lining the outer edge of the plant's snap traps, in successfully capturing prey.","{'type': 'text/html', 'language': None, 'base': 'https://www.sciencedaily.com/rss/top/environment.xml', 'value': ""Researchers investigate the importance of marginal spikes, the 'teeth' lining the outer edge of the plant's snap traps, in successfully capturing prey.""}",Venus flytrap 'teeth' form a 'horrid prison' for medium-sized prey,"{'type': 'text/plain', 'language': None, 'base': 'https://www.sciencedaily.com/rss/top/environment.xml', 'value': ""Venus flytrap 'teeth' form a 'horrid prison' for medium-sized prey""}",2019-03-27 15:47:31.400131
False,,https://www.sciencedaily.com/releases/2019/03/190326105702.htm,https://www.sciencedaily.com/releases/2019/03/190326105702.htm,"[{'rel': 'alternate', 'type': 'text/html', 'href': 'https://www.sciencedaily.com/releases/2019/03/190326105702.htm'}]","[{'url': 'https://www.sciencedaily.com/images/2019/03/190326105702-large.jpg', 'height': '225', 'width': '300'}]","Tue, 26 Mar 2019 10:57:02 EDT","[2019, 3, 26, 14, 57, 2, 1, 85, 0]","Using high-resolution adaptive optics imaging from the Gemini Observatory, astronomers have uncovered one of the oldest star clusters in the Milky Way Galaxy. The remarkably sharp image looks back into the early history of our Universe and sheds new insights on how our Galaxy formed.","{'type': 'text/html', 'language': None, 'base': 'https://www.sciencedaily.com/rss/top/technology.xml', 'value': 'Using high-resolution adaptive optics imaging from the Gemini Observatory, astronomers have uncovered one of the oldest star clusters in the Milky Way Galaxy. The remarkably sharp image looks back into the early history of our Universe and sheds new insights on how our Galaxy formed.'}",Ultra-sharp images make old stars look absolutely marvelous!,"{'type': 'text/plain', 'language': None, 'base': 'https://www.sciencedaily.com/rss/top/technology.xml', 'value': 'Ultra-sharp images make old stars look absolutely marvelous!'}",2019-03-27 15:47:31.400131
False,,https://www.sciencedaily.com/releases/2019/03/190326202221.htm,https://www.sciencedaily.com/releases/2019/03/190326202221.htm,"[{'rel': 'alternate', 'type': 'text/html', 'href': 'https://www.sciencedaily.com/releases/2019/03/190326202221.htm'}]","[{'url': 'https://www.sciencedaily.com/images/2019/03/190326202221-large.jpg', 'height': '200', 'width': '300'}]","Tue, 26 Mar 2019 20:22:21 EDT","[2019, 3, 27, 0, 22, 21, 2, 86, 0]",Scientists are looking at ways to boost captive populations of Asian elephants without relying on taking them from the wild.,"{'type': 'text/html', 'language': None, 'base': 'https://www.sciencedaily.com/rss/top/environment.xml', 'value': 'Scientists are looking at ways to boost captive populations of Asian elephants without relying on taking them from the wild.'}",Future of elephants living in captivity hangs in the balance,"{'type': 'text/plain', 'language': None, 'base': 'https://www.sciencedaily.com/rss/top/environment.xml', 'value': 'Future of elephants living in captivity hangs in the balance'}",2019-03-27 15:47:31.400131
False,,https://www.sciencedaily.com/releases/2019/03/190326105557.htm,https://www.sciencedaily.com/releases/2019/03/190326105557.htm,"[{'rel': 'alternate', 'type': 'text/html', 'href': 'https://www.sciencedaily.com/releases/2019/03/190326105557.htm'}]","[{'url': 'https://www.sciencedaily.com/images/2019/03/190326105557-large.jpg', 'height': '255', 'width': '300'}]","Tue, 26 Mar 2019 10:55:57 EDT","[2019, 3, 26, 14, 55, 57, 1, 85, 0]",Researchers have found why the giant duckweed has a low genetic diversity despite its large population size: low mutation rates contribute to low genetic diversity. The results are relevant for future studies on the evolution of plants and will accelerate the use of duckweeds both for basic research and industrial applications.,"{'type': 'text/html', 'language': None, 'base': 'https://www.sciencedaily.com/rss/top/environment.xml', 'value': 'Researchers have found why the giant duckweed has a low genetic diversity despite its large population size: low mutation rates contribute to low genetic diversity. The results are relevant for future studies on the evolution of plants and will accelerate the use of duckweeds both for basic research and industrial applications.'}",Duckweed: The low-down on a tiny plant,"{'type': 'text/plain', 'language': None, 'base': 'https://www.sciencedaily.com/rss/top/environment.xml', 'value': 'Duckweed: The low-down on a tiny plant'}",2019-03-27 15:47:31.400131
False,,https://www.sciencedaily.com/releases/2019/03/190319112211.htm,https://www.sciencedaily.com/releases/2019/03/190319112211.htm,"[{'rel': 'alternate', 'type': 'text/html', 'href': 'https://www.sciencedaily.com/releases/2019/03/190319112211.htm'}]","[{'url': 'https://www.sciencedaily.com/images/2019/03/190319112211-large.jpg', 'height': '331', 'width': '300'}]","Tue, 19 Mar 2019 11:22:11 EDT","[2019, 3, 19, 15, 22, 11, 1, 78, 0]","Researchers in Finland have published a response to a recent scientific review predicting that as a result of an ongoing rapid decline, nearly half of the world's insects could soon go extinct. The authors point out major flaws in the earlier study and warn that it risks compromising the credibility of conservation science.","{'type': 'text/html', 'language': None, 'base': 'https://www.sciencedaily.com/rss/top/society.xml', 'value': ""Researchers in Finland have published a response to a recent scientific review predicting that as a result of an ongoing rapid decline, nearly half of the world's insects could soon go extinct. The authors point out major flaws in the earlier study and warn that it risks compromising the credibility of conservation science.""}",'Insectageddon' is 'alarmist by bad design': Scientists point out the study's major flaws,"{'type': 'text/plain', 'language': None, 'base': 'https://www.sciencedaily.com/rss/top/society.xml', 'value': ""'Insectageddon' is 'alarmist by bad design': Scientists point out the study's major flaws""}",2019-03-27 15:47:31.400131
False,,https://www.sciencedaily.com/releases/2019/03/190322163336.htm,https://www.sciencedaily.com/releases/2019/03/190322163336.htm,"[{'rel': 'alternate', 'type': 'text/html', 'href': 'https://www.sciencedaily.com/releases/2019/03/190322163336.htm'}]","[{'url': 'https://www.sciencedaily.com/images/2019/03/190322163336-large.jpg', 'height': '200', 'width': '300'}]","Fri, 22 Mar 2019 16:33:36 EDT","[2019, 3, 22, 20, 33, 36, 4, 81, 0]","A new system can monitor the behavior of all electric devices within a building, ship, or factory, determining which ones are in use at any given time and whether any are showing signs of an imminent failure. When tested on a Coast Guard cutter, the system pinpointed a motor with burnt-out wiring that could have led to a serious onboard fire.","{'type': 'text/html', 'language': None, 'base': 'https://www.sciencedaily.com/rss/top/technology.xml', 'value': 'A new system can monitor the behavior of all electric devices within a building, ship, or factory, determining which ones are in use at any given time and whether any are showing signs of an imminent failure. When tested on a Coast Guard cutter, the system pinpointed a motor with burnt-out wiring that could have led to a serious onboard fire.'}",Energy monitor can find electrical failures before they happen,"{'type': 'text/plain', 'language': None, 'base': 'https://www.sciencedaily.com/rss/top/technology.xml', 'value': 'Energy monitor can find electrical failures before they happen'}",2019-03-27 15:47:31.400131
False,,https://www.sciencedaily.com/releases/2019/03/190326165618.htm,https://www.sciencedaily.com/releases/2019/03/190326165618.htm,"[{'rel': 'alternate', 'type': 'text/html', 'href': 'https://www.sciencedaily.com/releases/2019/03/190326165618.htm'}]","[{'url': 'https://www.sciencedaily.com/images/2019/03/190326165618-large.jpg', 'height': '217', 'width': '300'}]","Tue, 26 Mar 2019 16:56:18 EDT","[2019, 3, 26, 20, 56, 18, 1, 85, 0]","Materials scientists have theorized a new 'oil-and-vinegar' approach to engineering self-assembling materials of unusual architectures made out of spherical nanoparticles. The resulting structures could prove useful to applications in optics, plasmonics, electronics and multi-stage catalysis.","{'type': 'text/html', 'language': None, 'base': 'https://www.sciencedaily.com/rss/top/technology.xml', 'value': ""Materials scientists have theorized a new 'oil-and-vinegar' approach to engineering self-assembling materials of unusual architectures made out of spherical nanoparticles. The resulting structures could prove useful to applications in optics, plasmonics, electronics and multi-stage catalysis.""}",Layered liquids arrange nanoparticles into useful configurations,"{'type': 'text/plain', 'language': None, 'base': 'https://www.sciencedaily.com/rss/top/technology.xml', 'value': 'Layered liquids arrange nanoparticles into useful configurations'}",2019-03-27 15:47:31.400131
False,,https://www.sciencedaily.com/releases/2019/03/190327142018.htm,https://www.sciencedaily.com/releases/2019/03/190327142018.htm,"[{'rel': 'alternate', 'type': 'text/html', 'href': 'https://www.sciencedaily.com/releases/2019/03/190327142018.htm'}]","[{'url': 'https://www.sciencedaily.com/images/2019/03/190327142018-large.jpg', 'height': '300', 'width': '300'}]","Wed, 27 Mar 2019 14:20:18 EDT","[2019, 3, 27, 18, 20, 18, 2, 86, 0]","Scientists have catalogued these rivers to conclude that significant river runoff persisted on Mars later into its history than previously thought. According to the study, the runoff was intense -- rivers on Mars were wider than those on Earth today -- and occurred at hundreds of locations on the red planet.","{'type': 'text/html', 'language': None, 'base': 'https://www.sciencedaily.com/rss/top/technology.xml', 'value': 'Scientists have catalogued these rivers to conclude that significant river runoff persisted on Mars later into its history than previously thought. According to the study, the runoff was intense -- rivers on Mars were wider than those on Earth today -- and occurred at hundreds of locations on the red planet.'}",Rivers raged on Mars late into its history,"{'type': 'text/plain', 'language': None, 'base': 'https://www.sciencedaily.com/rss/top/technology.xml', 'value': 'Rivers raged on Mars late into its history'}",2019-03-27 15:47:31.400131
False,,https://www.sciencedaily.com/releases/2019/03/190321102843.htm,https://www.sciencedaily.com/releases/2019/03/190321102843.htm,"[{'rel': 'alternate', 'type': 'text/html', 'href': 'https://www.sciencedaily.com/releases/2019/03/190321102843.htm'}]","[{'url': 'https://www.sciencedaily.com/images/2019/03/190321102843-large.jpg', 'height': '120', 'width': '300'}]","Thu, 21 Mar 2019 10:28:43 EDT","[2019, 3, 21, 14, 28, 43, 3, 80, 0]","Protecting houses against mosquitoes with netting window screens can suppress malaria vector populations and dramatically reduce human parasite infection prevalence, according to new research.","{'type': 'text/html', 'language': None, 'base': 'https://www.sciencedaily.com/rss/top/society.xml', 'value': 'Protecting houses against mosquitoes with netting window screens can suppress malaria vector populations and dramatically reduce human parasite infection prevalence, according to new research.'}",Protecting homes with netting window screens can reduce malaria parasite infection,"{'type': 'text/plain', 'language': None, 'base': 'https://www.sciencedaily.com/rss/top/society.xml', 'value': 'Protecting homes with netting window screens can reduce malaria parasite infection'}",2019-03-27 15:47:31.400131
False,,https://www.sciencedaily.com/releases/2019/03/190322122603.htm,https://www.sciencedaily.com/releases/2019/03/190322122603.htm,"[{'rel': 'alternate', 'type': 'text/html', 'href': 'https://www.sciencedaily.com/releases/2019/03/190322122603.htm'}]","[{'url': 'https://www.sciencedaily.com/images/2019/03/190322122603-large.jpg', 'height': '300', 'width': '300'}]","Fri, 22 Mar 2019 12:26:03 EDT","[2019, 3, 22, 16, 26, 3, 4, 81, 0]","An OU-led project is showing how citizen science programs provide valuable data on rivers in southwestern United States. The ecological and hydrological data obtained from intermittent rivers (rivers that dry at some point in space or time) in Arizona are input into a nationwide network. Trained citizen scientists are mapping three rivers in Arizona: the San Pedro River, Cienega Creek and Agua Fria River.","{'type': 'text/html', 'language': None, 'base': 'https://www.sciencedaily.com/rss/top/society.xml', 'value': 'An OU-led project is showing how citizen science programs provide valuable data on rivers in southwestern United States. The ecological and hydrological data obtained from intermittent rivers (rivers that dry at some point in space or time) in Arizona are input into a nationwide network. Trained citizen scientists are mapping three rivers in Arizona: the San Pedro River, Cienega Creek and Agua Fria River.'}",Citizen science programs provide valuable data on intermittent rivers in southwestern US,"{'type': 'text/plain', 'language': None, 'base': 'https://www.sciencedaily.com/rss/top/society.xml', 'value': 'Citizen science programs provide valuable data on intermittent rivers in southwestern US'}",2019-03-27 15:47:31.400131
False,,https://www.sciencedaily.com/releases/2019/03/190325130530.htm,https://www.sciencedaily.com/releases/2019/03/190325130530.htm,"[{'rel': 'alternate', 'type': 'text/html', 'href': 'https://www.sciencedaily.com/releases/2019/03/190325130530.htm'}]","[{'url': 'https://www.sciencedaily.com/images/2019/03/190325130530-large.jpg', 'height': '199', 'width': '300'}]","Mon, 25 Mar 2019 13:05:30 EDT","[2019, 3, 25, 17, 5, 30, 0, 84, 0]","For young hellbenders, choosing the right home is more than a major life decision. Their survival can depend on it.","{'type': 'text/html', 'language': None, 'base': 'https://www.sciencedaily.com/rss/top/environment.xml', 'value': 'For young hellbenders, choosing the right home is more than a major life decision. Their survival can depend on it.'}",House hunting for hellbenders,"{'type': 'text/plain', 'language': None, 'base': 'https://www.sciencedaily.com/rss/top/environment.xml', 'value': 'House hunting for hellbenders'}",2019-03-27 15:47:31.400131
False,,https://www.sciencedaily.com/releases/2019/03/190325163019.htm,https://www.sciencedaily.com/releases/2019/03/190325163019.htm,"[{'rel': 'alternate', 'type': 'text/html', 'href': 'https://www.sciencedaily.com/releases/2019/03/190325163019.htm'}]","[{'url': 'https://www.sciencedaily.com/images/2019/03/190325163019-large.jpg', 'height': '225', 'width': '300'}]","Mon, 25 Mar 2019 16:30:19 EDT","[2019, 3, 25, 20, 30, 19, 0, 84, 0]","Long-distance migrations are common for large whales, but when in their evolutionary past did whales begin to migrate and why? Scientists looked for these answers in fossil whale barnacles.","{'type': 'text/html', 'language': None, 'base': 'https://www.sciencedaily.com/rss/top/environment.xml', 'value': 'Long-distance migrations are common for large whales, but when in their evolutionary past did whales begin to migrate and why? Scientists looked for these answers in fossil whale barnacles.'}",Deep time tracking devices: Fossil barnacles reveal prehistoric whale migrations,"{'type': 'text/plain', 'language': None, 'base': 'https://www.sciencedaily.com/rss/top/environment.xml', 'value': 'Deep time tracking devices: Fossil barnacles reveal prehistoric whale migrations'}",2019-03-27 15:47:31.400131
False,,https://www.sciencedaily.com/releases/2019/03/190327080702.htm,https://www.sciencedaily.com/releases/2019/03/190327080702.htm,"[{'rel': 'alternate', 'type': 'text/html', 'href': 'https://www.sciencedaily.com/releases/2019/03/190327080702.htm'}]","[{'url': 'https://www.sciencedaily.com/images/2019/03/190327080702-large.jpg', 'height': '200', 'width': '300'}]","Wed, 27 Mar 2019 08:07:02 EDT","[2019, 3, 27, 12, 7, 2, 2, 86, 0]",A study sheds new light on how exactly ultraviolet (UV) emitting and non-UV emitting street lamps influence the activity of bats in the Berlin metropolitan area and whether tree cover might mitigate any effect of light pollution.,"{'type': 'text/html', 'language': None, 'base': 'https://www.sciencedaily.com/rss/top/environment.xml', 'value': 'A study sheds new light on how exactly ultraviolet (UV) emitting and non-UV emitting street lamps influence the activity of bats in the Berlin metropolitan area and whether tree cover might mitigate any effect of light pollution.'}",How light from street lamps and trees influence the activity of urban bats,"{'type': 'text/plain', 'language': None, 'base': 'https://www.sciencedaily.com/rss/top/environment.xml', 'value': 'How light from street lamps and trees influence the activity of urban bats'}",2019-03-27 15:47:31.400131
False,,https://www.sciencedaily.com/releases/2019/03/190326105600.htm,https://www.sciencedaily.com/releases/2019/03/190326105600.htm,"[{'rel': 'alternate', 'type': 'text/html', 'href': 'https://www.sciencedaily.com/releases/2019/03/190326105600.htm'}]","[{'url': 'https://www.sciencedaily.com/images/2019/03/190326105600-large.jpg', 'height': '185', 'width': '300'}]","Tue, 26 Mar 2019 10:56:00 EDT","[2019, 3, 26, 14, 56, 0, 1, 85, 0]","For humans to achieve accurate speech recognition and communicate with one another, the auditory system must recognize distinct categories of sounds -- such as words -- from a continuous incoming stream of sounds. This task becomes complicated when considering the variability in sounds produced by individuals with different accents, pitches, or intonations. In a new paper, researchers detail a computational model that explores how the auditory system tackles this complex task.","{'type': 'text/html', 'language': None, 'base': 'https://www.sciencedaily.com/rss/top/health.xml', 'value': 'For humans to achieve accurate speech recognition and communicate with one another, the auditory system must recognize distinct categories of sounds -- such as words -- from a continuous incoming stream of sounds. This task becomes complicated when considering the variability in sounds produced by individuals with different accents, pitches, or intonations. In a new paper, researchers detail a computational model that explores how the auditory system tackles this complex task.'}",Sound sense: Brain 'listens' for distinctive features in sounds,"{'type': 'text/plain', 'language': None, 'base': 'https://www.sciencedaily.com/rss/top/health.xml', 'value': ""Sound sense: Brain 'listens' for distinctive features in sounds""}",2019-03-27 15:47:31.400131
False,,https://www.sciencedaily.com/releases/2019/03/190326105550.htm,https://www.sciencedaily.com/releases/2019/03/190326105550.htm,"[{'rel': 'alternate', 'type': 'text/html', 'href': 'https://www.sciencedaily.com/releases/2019/03/190326105550.htm'}]","[{'url': 'https://www.sciencedaily.com/images/2019/03/190326105550-large.jpg', 'height': '200', 'width': '300'}]","Tue, 26 Mar 2019 10:55:50 EDT","[2019, 3, 26, 14, 55, 50, 1, 85, 0]","Cellulose soaked in a carefully designed polymer mixture acts as a sensor to measure pressure, temperature and humidity -- at the same time. The measurements are completely independent of each other. The sensor may be highly significant in fields such as robotics, healthcare and security.","{'type': 'text/html', 'language': None, 'base': 'https://www.sciencedaily.com/rss/top/technology.xml', 'value': 'Cellulose soaked in a carefully designed polymer mixture acts as a sensor to measure pressure, temperature and humidity -- at the same time. The measurements are completely independent of each other. The sensor may be highly significant in fields such as robotics, healthcare and security.'}",New cellulose-based material gives three sensors in one,"{'type': 'text/plain', 'language': None, 'base': 'https://www.sciencedaily.com/rss/top/technology.xml', 'value': 'New cellulose-based material gives three sensors in one'}",2019-03-27 15:47:31.400131
False,,https://www.sciencedaily.com/releases/2019/03/190326160455.htm,https://www.sciencedaily.com/releases/2019/03/190326160455.htm,"[{'rel': 'alternate', 'type': 'text/html', 'href': 'https://www.sciencedaily.com/releases/2019/03/190326160455.htm'}]","[{'url': 'https://www.sciencedaily.com/images/2019/03/190326160455-large.jpg', 'height': '200', 'width': '300'}]","Tue, 26 Mar 2019 16:04:55 EDT","[2019, 3, 26, 20, 4, 55, 1, 85, 0]","New research shows younger groups of organisms, on average, accumulate diversity much more quickly than older groups.","{'type': 'text/html', 'language': None, 'base': 'https://www.sciencedaily.com/rss/top/environment.xml', 'value': 'New research shows younger groups of organisms, on average, accumulate diversity much more quickly than older groups.'}","In the tree of life, youth has its advantages","{'type': 'text/plain', 'language': None, 'base': 'https://www.sciencedaily.com/rss/top/environment.xml', 'value': 'In the tree of life, youth has its advantages'}",2019-03-27 15:47:31.400131
False,,https://www.sciencedaily.com/releases/2019/03/190326105545.htm,https://www.sciencedaily.com/releases/2019/03/190326105545.htm,"[{'rel': 'alternate', 'type': 'text/html', 'href': 'https://www.sciencedaily.com/releases/2019/03/190326105545.htm'}]","[{'url': 'https://www.sciencedaily.com/images/2019/03/190326105545-large.jpg', 'height': '337', 'width': '300'}]","Tue, 26 Mar 2019 10:55:45 EDT","[2019, 3, 26, 14, 55, 45, 1, 85, 0]","Autophagy -- the process of recycling cellular material in the body -- can help combat Salmonella and other pathogens, according to researchers who have studied how autophagy can get rid of bacteria, and prevent diseases developing.","{'type': 'text/html', 'language': None, 'base': 'https://www.sciencedaily.com/rss/top/health.xml', 'value': 'Autophagy -- the process of recycling cellular material in the body -- can help combat Salmonella and other pathogens, according to researchers who have studied how autophagy can get rid of bacteria, and prevent diseases developing.'}",Salmonella could be combated by enhancing body's natural process,"{'type': 'text/plain', 'language': None, 'base': 'https://www.sciencedaily.com/rss/top/health.xml', 'value': ""Salmonella could be combated by enhancing body's natural process""}",2019-03-27 15:47:31.400131
False,,https://www.sciencedaily.com/releases/2019/03/190325130527.htm,https://www.sciencedaily.com/releases/2019/03/190325130527.htm,"[{'rel': 'alternate', 'type': 'text/html', 'href': 'https://www.sciencedaily.com/releases/2019/03/190325130527.htm'}]","[{'url': 'https://www.sciencedaily.com/images/2019/03/190325130527-large.jpg', 'height': '150', 'width': '300'}]","Mon, 25 Mar 2019 13:05:27 EDT","[2019, 3, 25, 17, 5, 27, 0, 84, 0]","A study on climate warming in an Oklahoma tallgrass prairie has implications for understanding and predicting ecological consequences of climate change and ecosystem management strategies. More rapid changes in biodiversity are expected in a warmer world. In addition, ecosystem functions and services may become more vulnerable as the structure of an ecosystem is linked to the functions it performs, which may provide positive or negative feedback to climate warming.","{'type': 'text/html', 'language': None, 'base': 'https://www.sciencedaily.com/rss/top/environment.xml', 'value': 'A study on climate warming in an Oklahoma tallgrass prairie has implications for understanding and predicting ecological consequences of climate change and ecosystem management strategies. More rapid changes in biodiversity are expected in a warmer world. In addition, ecosystem functions and services may become more vulnerable as the structure of an ecosystem is linked to the functions it performs, which may provide positive or negative feedback to climate warming.'}",Climate warming accelerates tallgrass prairie bioiversity,"{'type': 'text/plain', 'language': None, 'base': 'https://www.sciencedaily.com/rss/top/environment.xml', 'value': 'Climate warming accelerates tallgrass prairie bioiversity'}",2019-03-27 15:47:31.400131
False,,https://www.sciencedaily.com/releases/2019/03/190326113534.htm,https://www.sciencedaily.com/releases/2019/03/190326113534.htm,"[{'rel': 'alternate', 'type': 'text/html', 'href': 'https://www.sciencedaily.com/releases/2019/03/190326113534.htm'}]","[{'url': 'https://www.sciencedaily.com/images/2019/03/190326113534-large.jpg', 'height': '200', 'width': '300'}]","Tue, 26 Mar 2019 11:35:34 EDT","[2019, 3, 26, 15, 35, 34, 1, 85, 0]","NASA research shows that Jakobshavn Glacier, which has been Greenland's fastest-flowing and fastest-thinning glacier for the last 20 years, has made an unexpected about-face. The glacier is still adding to global sea level rise, but at a slower rate.","{'type': 'text/html', 'language': None, 'base': 'https://www.sciencedaily.com/rss/top/environment.xml', 'value': ""NASA research shows that Jakobshavn Glacier, which has been Greenland's fastest-flowing and fastest-thinning glacier for the last 20 years, has made an unexpected about-face. The glacier is still adding to global sea level rise, but at a slower rate.""}",Cold water currently slowing fastest Greenland glacier,"{'type': 'text/plain', 'language': None, 'base': 'https://www.sciencedaily.com/rss/top/environment.xml', 'value': 'Cold water currently slowing fastest Greenland glacier'}",2019-03-27 15:47:31.400131
False,,https://www.sciencedaily.com/releases/2019/03/190327112627.htm,https://www.sciencedaily.com/releases/2019/03/190327112627.htm,"[{'rel': 'alternate', 'type': 'text/html', 'href': 'https://www.sciencedaily.com/releases/2019/03/190327112627.htm'}]","[{'url': 'https://www.sciencedaily.com/images/2019/03/190327112627-large.jpg', 'height': '564', 'width': '300'}]","Wed, 27 Mar 2019 11:26:27 EDT","[2019, 3, 27, 15, 26, 27, 2, 86, 0]","Experimenting with mice, researchers report they have successfully used positron emission tomography (PET) scans to calculate in real time how much of an immunotherapy drug reaches a tumor and what parts of a cancer remain unaffected.","{'type': 'text/html', 'language': None, 'base': 'https://www.sciencedaily.com/rss/top/health.xml', 'value': 'Experimenting with mice, researchers report they have successfully used positron emission tomography (PET) scans to calculate in real time how much of an immunotherapy drug reaches a tumor and what parts of a cancer remain unaffected.'}",Glowing tumors show scientists where cancer drugs are working,"{'type': 'text/plain', 'language': None, 'base': 'https://www.sciencedaily.com/rss/top/health.xml', 'value': 'Glowing tumors show scientists where cancer drugs are working'}",2019-03-27 15:47:31.400131
False,,https://www.sciencedaily.com/releases/2019/03/190327123905.htm,https://www.sciencedaily.com/releases/2019/03/190327123905.htm,"[{'rel': 'alternate', 'type': 'text/html', 'href': 'https://www.sciencedaily.com/releases/2019/03/190327123905.htm'}]","[{'url': 'https://www.sciencedaily.com/images/2019/03/190327123905-large.jpg', 'height': '200', 'width': '300'}]","Wed, 27 Mar 2019 12:39:05 EDT","[2019, 3, 27, 16, 39, 5, 2, 86, 0]","Shoreline erosion can transform freshwater wetlands from carbon-storage pools to carbon sources, according to a new study. Wave action and high water levels sweep away soils and plants at a rate much higher than nature can replace them. An accurate measurement of this carbon budget imbalance may help better prioritize coastal management efforts and improve global carbon-cycle models.","{'type': 'text/html', 'language': None, 'base': 'https://www.sciencedaily.com/rss/top/environment.xml', 'value': 'Shoreline erosion can transform freshwater wetlands from carbon-storage pools to carbon sources, according to a new study. Wave action and high water levels sweep away soils and plants at a rate much higher than nature can replace them. An accurate measurement of this carbon budget imbalance may help better prioritize coastal management efforts and improve global carbon-cycle models.'}",Freshwater coastal erosion alters global carbon budget,"{'type': 'text/plain', 'language': None, 'base': 'https://www.sciencedaily.com/rss/top/environment.xml', 'value': 'Freshwater coastal erosion alters global carbon budget'}",2019-03-27 15:47:31.400131
False,,https://www.sciencedaily.com/releases/2019/03/190325151029.htm,https://www.sciencedaily.com/releases/2019/03/190325151029.htm,"[{'rel': 'alternate', 'type': 'text/html', 'href': 'https://www.sciencedaily.com/releases/2019/03/190325151029.htm'}]","[{'url': 'https://www.sciencedaily.com/images/2019/03/190325151029-large.jpg', 'height': '233', 'width': '300'}]","Mon, 25 Mar 2019 15:10:29 EDT","[2019, 3, 25, 19, 10, 29, 0, 84, 0]",Scientists have described a rare 'liquid-to-liquid' phase transition in pure triphenyl phosphite. This may improve our control of transport properties of a liquid.,"{'type': 'text/html', 'language': None, 'base': 'https://www.sciencedaily.com/rss/top/technology.xml', 'value': ""Scientists have described a rare 'liquid-to-liquid' phase transition in pure triphenyl phosphite. This may improve our control of transport properties of a liquid.""}",A fascinating phase transition: From one liquid state to another,"{'type': 'text/plain', 'language': None, 'base': 'https://www.sciencedaily.com/rss/top/technology.xml', 'value': 'A fascinating phase transition: From one liquid state to another'}",2019-03-27 15:47:31.400131
False,,https://www.sciencedaily.com/releases/2019/03/190326105650.htm,https://www.sciencedaily.com/releases/2019/03/190326105650.htm,"[{'rel': 'alternate', 'type': 'text/html', 'href': 'https://www.sciencedaily.com/releases/2019/03/190326105650.htm'}]","[{'url': 'https://www.sciencedaily.com/images/2019/03/190326105650-large.jpg', 'height': '200', 'width': '300'}]","Tue, 26 Mar 2019 10:56:50 EDT","[2019, 3, 26, 14, 56, 50, 1, 85, 0]",A major advancement in pioneering technology based around the use of an artificial womb to save extremely premature babies is being hailed as a medical and biotechnological breakthrough.,"{'type': 'text/html', 'language': None, 'base': 'https://www.sciencedaily.com/rss/top/health.xml', 'value': 'A major advancement in pioneering technology based around the use of an artificial womb to save extremely premature babies is being hailed as a medical and biotechnological breakthrough.'}",Artificial womb technology breaks its 4 minute mile,"{'type': 'text/plain', 'language': None, 'base': 'https://www.sciencedaily.com/rss/top/health.xml', 'value': 'Artificial womb technology breaks its 4 minute mile'}",2019-03-27 15:47:31.400131
False,,https://www.sciencedaily.com/releases/2019/03/190326132726.htm,https://www.sciencedaily.com/releases/2019/03/190326132726.htm,"[{'rel': 'alternate', 'type': 'text/html', 'href': 'https://www.sciencedaily.com/releases/2019/03/190326132726.htm'}]","[{'url': 'https://www.sciencedaily.com/images/2019/03/190326132726-large.jpg', 'height': '219', 'width': '300'}]","Tue, 26 Mar 2019 13:27:26 EDT","[2019, 3, 26, 17, 27, 26, 1, 85, 0]","Elk roam the winter range that straddles the northern boundary of Yellowstone National Park with little regard for wolves, according to a new study illustrating how elk can tolerate living in close proximity to the large predator.","{'type': 'text/html', 'language': None, 'base': 'https://www.sciencedaily.com/rss/top/environment.xml', 'value': 'Elk roam the winter range that straddles the northern boundary of Yellowstone National Park with little regard for wolves, according to a new study illustrating how elk can tolerate living in close proximity to the large predator.'}","Yellowstone elk don't budge for wolves, say scientists","{'type': 'text/plain', 'language': None, 'base': 'https://www.sciencedaily.com/rss/top/environment.xml', 'value': ""Yellowstone elk don't budge for wolves, say scientists""}",2019-03-27 15:47:31.400131
False,,https://www.sciencedaily.com/releases/2019/03/190326160546.htm,https://www.sciencedaily.com/releases/2019/03/190326160546.htm,"[{'rel': 'alternate', 'type': 'text/html', 'href': 'https://www.sciencedaily.com/releases/2019/03/190326160546.htm'}]","[{'url': 'https://www.sciencedaily.com/images/2019/03/190326160546-large.jpg', 'height': '225', 'width': '300'}]","Tue, 26 Mar 2019 16:05:46 EDT","[2019, 3, 26, 20, 5, 46, 1, 85, 0]",Researchers have developed a new approach to map huckleberry distribution across Glacier National Park that uses publicly available satellite imagery. Tracking where huckleberry plants live can help biologists predict where grizzly bears will also be found.,"{'type': 'text/html', 'language': None, 'base': 'https://www.sciencedaily.com/rss/top/environment.xml', 'value': 'Researchers have developed a new approach to map huckleberry distribution across Glacier National Park that uses publicly available satellite imagery. Tracking where huckleberry plants live can help biologists predict where grizzly bears will also be found.'}",New tool maps a key food source for grizzly bears: huckleberries,"{'type': 'text/plain', 'language': None, 'base': 'https://www.sciencedaily.com/rss/top/environment.xml', 'value': 'New tool maps a key food source for grizzly bears: huckleberries'}",2019-03-27 15:47:31.400131
False,,https://www.sciencedaily.com/releases/2019/03/190327112632.htm,https://www.sciencedaily.com/releases/2019/03/190327112632.htm,"[{'rel': 'alternate', 'type': 'text/html', 'href': 'https://www.sciencedaily.com/releases/2019/03/190327112632.htm'}]","[{'url': 'https://www.sciencedaily.com/images/2019/03/190327112632-large.jpg', 'height': '424', 'width': '300'}]","Wed, 27 Mar 2019 11:26:32 EDT","[2019, 3, 27, 15, 26, 32, 2, 86, 0]","Due to its potential to make computers faster and smartphones more efficient, spintronics is considered a promising concept for the future of electronics. A team of researchers has now successfully generated so-called spin waves much more easily and efficiently than was previously deemed possible.","{'type': 'text/html', 'language': None, 'base': 'https://www.sciencedaily.com/rss/top/technology.xml', 'value': 'Due to its potential to make computers faster and smartphones more efficient, spintronics is considered a promising concept for the future of electronics. A team of researchers has now successfully generated so-called spin waves much more easily and efficiently than was previously deemed possible.'}",Spintronics: Ultra-short spin waves in an astoundingly simple material,"{'type': 'text/plain', 'language': None, 'base': 'https://www.sciencedaily.com/rss/top/technology.xml', 'value': 'Spintronics: Ultra-short spin waves in an astoundingly simple material'}",2019-03-27 15:47:31.400131
False,,https://www.sciencedaily.com/releases/2019/03/190325120344.htm,https://www.sciencedaily.com/releases/2019/03/190325120344.htm,"[{'rel': 'alternate', 'type': 'text/html', 'href': 'https://www.sciencedaily.com/releases/2019/03/190325120344.htm'}]","[{'url': 'https://www.sciencedaily.com/images/2019/03/190325120344-large.jpg', 'height': '225', 'width': '300'}]","Mon, 25 Mar 2019 12:03:44 EDT","[2019, 3, 25, 16, 3, 44, 0, 84, 0]",Researchers have found multiple applications for the CRISPR gene editing technology since it came into use by the scientific community.,"{'type': 'text/html', 'language': None, 'base': 'https://www.sciencedaily.com/rss/top/technology.xml', 'value': 'Researchers have found multiple applications for the CRISPR gene editing technology since it came into use by the scientific community.'}",CRISPR-chip enables digital detection of DNA without amplification,"{'type': 'text/plain', 'language': None, 'base': 'https://www.sciencedaily.com/rss/top/technology.xml', 'value': 'CRISPR-chip enables digital detection of DNA without amplification'}",2019-03-27 15:47:31.400131
False,,https://www.sciencedaily.com/releases/2019/03/190326105645.htm,https://www.sciencedaily.com/releases/2019/03/190326105645.htm,"[{'rel': 'alternate', 'type': 'text/html', 'href': 'https://www.sciencedaily.com/releases/2019/03/190326105645.htm'}]","[{'url': 'https://www.sciencedaily.com/images/2019/03/190326105645-large.jpg', 'height': '129', 'width': '300'}]","Tue, 26 Mar 2019 10:56:45 EDT","[2019, 3, 26, 14, 56, 45, 1, 85, 0]","Most materials expand upon heating and contract upon cooling. Some behave inversely, a phenomenon known as negative thermal expansion (NTE). NTE observed in inverse perovskite antiferromagnets Mn3AN had remained unexplained for the past 40 years. However, a recent study by scientists successfully provided a theoretical explanation to this mechanism. When turn into practical use, this could help developers build more durable and heat-resistant small machine parts -- found commonly in optical, measuring and other devices.","{'type': 'text/html', 'language': None, 'base': 'https://www.sciencedaily.com/rss/top/technology.xml', 'value': 'Most materials expand upon heating and contract upon cooling. Some behave inversely, a phenomenon known as negative thermal expansion (NTE). NTE observed in inverse perovskite antiferromagnets Mn3AN had remained unexplained for the past 40 years. However, a recent study by scientists successfully provided a theoretical explanation to this mechanism. When turn into practical use, this could help developers build more durable and heat-resistant small machine parts -- found commonly in optical, measuring and other devices.'}",First explanation for mechanism behind magnetism-driven NTE derived in 40 years,"{'type': 'text/plain', 'language': None, 'base': 'https://www.sciencedaily.com/rss/top/technology.xml', 'value': 'First explanation for mechanism behind magnetism-driven NTE derived in 40 years'}",2019-03-27 15:47:31.400131
False,,https://www.sciencedaily.com/releases/2019/03/190327112646.htm,https://www.sciencedaily.com/releases/2019/03/190327112646.htm,"[{'rel': 'alternate', 'type': 'text/html', 'href': 'https://www.sciencedaily.com/releases/2019/03/190327112646.htm'}]","[{'url': 'https://www.sciencedaily.com/images/2019/03/190327112646-large.jpg', 'height': '101', 'width': '300'}]","Wed, 27 Mar 2019 11:26:46 EDT","[2019, 3, 27, 15, 26, 46, 2, 86, 0]",The reversible switching of macrocyclic molecules between a liquid and a solid phase upon exposure to vapor has been reported.,"{'type': 'text/html', 'language': None, 'base': 'https://www.sciencedaily.com/rss/top/technology.xml', 'value': 'The reversible switching of macrocyclic molecules between a liquid and a solid phase upon exposure to vapor has been reported.'}",Vapor drives a liquid-solid transition in a molecular system,"{'type': 'text/plain', 'language': None, 'base': 'https://www.sciencedaily.com/rss/top/technology.xml', 'value': 'Vapor drives a liquid-solid transition in a molecular system'}",2019-03-27 15:47:31.400131
False,,https://www.sciencedaily.com/releases/2019/03/190325110246.htm,https://www.sciencedaily.com/releases/2019/03/190325110246.htm,"[{'rel': 'alternate', 'type': 'text/html', 'href': 'https://www.sciencedaily.com/releases/2019/03/190325110246.htm'}]","[{'url': 'https://www.sciencedaily.com/images/2019/03/190325110246-large.jpg', 'height': '251', 'width': '300'}]","Mon, 25 Mar 2019 11:02:46 EDT","[2019, 3, 25, 15, 2, 46, 0, 84, 0]","Giant planets like Neptune may contain much less free hydrogen than previously assumed. Researchers drove shock waves through two different types of plastic to reach the same temperatures and pressures present inside such planets, and observed the behavior using ultra-strong X-ray laser pulses. Unexpectedly, one of these plastics kept its crystalline structure even at the most extreme pressures. Since the icy giant interiors are made up of the same components as the plastic, planetary models may need to be partially reconsidered.","{'type': 'text/html', 'language': None, 'base': 'https://www.sciencedaily.com/rss/top/technology.xml', 'value': 'Giant planets like Neptune may contain much less free hydrogen than previously assumed. Researchers drove shock waves through two different types of plastic to reach the same temperatures and pressures present inside such planets, and observed the behavior using ultra-strong X-ray laser pulses. Unexpectedly, one of these plastics kept its crystalline structure even at the most extreme pressures. Since the icy giant interiors are made up of the same components as the plastic, planetary models may need to be partially reconsidered.'}",Icy giant planets in the laboratory,"{'type': 'text/plain', 'language': None, 'base': 'https://www.sciencedaily.com/rss/top/technology.xml', 'value': 'Icy giant planets in the laboratory'}",2019-03-27 15:47:31.400131
